"Player","team","pos","base"
"Dak Prescott","DAL","QB","$31,409,000"
"Jimmy Garoppolo","SF","QB","$23,800,000"
"Trenton Brown","LV","RT","$21,250,000"
"Derek Carr","LV","QB","$18,900,000"
"Russell Wilson","SEA","QB","$18,000,000"
"A.J. Green","CIN","WR","$17,971,000"
"Von Miller","DEN","OLB","$17,500,000"
"Ryan Tannehill","TEN","QB","$17,500,000"
"Aaron Donald","LAR","DT","$17,000,000"
"Matt Judon","BAL","OLB","$16,808,000"
"Leonard Williams","NYG","DE","$16,126,000"
"Alex Smith","WAS","QB","$16,000,000"
"Chandler Jones","ARI","OLB","$16,000,000"
"Taylor Lewan","TEN","LT","$16,000,000"
"Shaquil Barrett","TB","OLB","$15,828,000"
"Bud Dupree","PIT","OLB","$15,828,000"
"J.J. Watt","HOU","DE","$15,500,000"
"Brandon Scherff","WAS","G","$15,030,000"
"Tom Brady","TB","QB","$15,000,000"
"Joe Thuney","NE","G","$14,781,000"
"Chris Jones","KC","DT","$14,626,000"
"T.Y. Hilton","IND","WR","$14,542,000"
"Donovan Smith","TB","LT","$14,500,000"
"Stefon Diggs","BUF","WR","$14,200,000"
"Odell Beckham, Jr.","CLE","WR","$14,000,000"
"Melvin Ingram","LAC","DE","$14,000,000"
"Khalil Mack","CHI","OLB","$13,300,000"
"Jarvis Landry","CLE","WR","$13,000,000"
"Stephon Gilmore","NE","CB","$13,000,000"
"Russell Okung","CAR","LT","$13,000,000"
"Philip Rivers","IND","QB","$13,000,000"
"Myles Jack","JAC","ILB","$12,750,000"
"Kawann Short","CAR","DE","$12,500,000"
"Trent Williams","SF","LT","$12,500,000"
"DeForest Buckner","IND","DT","$12,378,000"
"Patrick Peterson","ARI","CB","$12,050,000"
"Frank Clark","KC","DE","$12,000,000"
"Davante Adams","GB","WR","$12,000,000"
"Sheldon Richardson","CLE","DT","$11,900,000"
"Xavien Howard","MIA","CB","$11,900,000"
"Ryan Kerrigan","WAS","DE","$11,500,000"
"Justin Simmons","DEN","FS","$11,441,000"
"Anthony Harris","MIN","FS","$11,441,000"
"Jurrell Casey","DEN","DE","$11,250,000"
"Julio Jones","ATL","WR","$11,200,000"
"Tyrann Mathieu","KC","FS","$11,150,000"
"Trey Flowers","DET","DE","$11,125,000"
"Geno Atkins","CIN","DT","$11,100,000"
"Byron Jones","MIA","CB","$11,000,000"
"Larry Fitzgerald","ARI","WR","$11,000,000"
"Kareem Jackson","DEN","SS","$11,000,000"
"Tyrell Williams","LV","WR","$11,000,000"
"Malcolm Butler","TEN","CB","$11,000,000"
"Allen Robinson","CHI","WR","$10,900,000"
"Laremy Tunsil","HOU","LT","$10,850,000"
"Lavonte David","TB","ILB","$10,750,000"
"Bobby Wagner","SEA","ILB","$10,750,000"
"Hunter Henry","LAC","TE","$10,607,000"
"Whitney Mercilus","HOU","OLB","$10,500,000"
"Akiem Hicks","CHI","DT","$10,200,000"
"David Johnson","HOU","RB","$10,200,000"
"Will Fuller","HOU","WR","$10,162,000"
"Ryan Jensen","TB","C","$10,000,000"
"Landon Collins","WAS","SS","$10,000,000"
"Kevin Zeitler","NYG","G","$10,000,000"
"Anthony Barr","MIN","OLB","$10,000,000"
"Amari Cooper","DAL","WR","$10,000,000"
"Marcus Peters","BAL","CB","$10,000,000"
"William Jackson","CIN","CB","$9,954,000"
"A.J. Bouye","DEN","CB","$9,941,176"
"Alshon Jeffery","PHI","WR","$9,910,000"
"Casey Hayward","LAC","CB","$9,750,000"
"Kirk Cousins","MIN","QB","$9,500,000"
"Rodger Saffold","TEN","G","$9,500,000"
"Gabe Jackson","LV","G","$9,350,000"
"Rob Gronkowski","TB","TE","$9,000,000"
"Stephon Tuitt","PIT","DE","$9,000,000"
"Andrew Norwell","JAC","G","$9,000,000"
"Eric Fisher","KC","LT","$8,750,000"
"Duane Brown","SEA","LT","$8,750,000"
"Travis Kelce","KC","TE","$8,500,000"
"Joel Bitonio","CLE","G","$8,500,000"
"Jamison Crowder","NYJ","WR","$8,500,000"
"Trai Turner","LAC","G","$8,500,000"
"Tyler Lockett","SEA","WR","$8,500,000"
"Kenyan Drake","ARI","RB","$8,483,000"
"Ronnie Stanley","BAL","LT","$8,366,000"
"Harrison Smith","MIN","SS","$8,350,000"
"Tre'Davious White","BUF","CB","$8,250,000"
"Brandin Cooks","HOU","WR","$8,000,000"
"Ryan Fitzpatrick","MIA","QB","$8,000,000"
"Teddy Bridgewater","CAR","QB","$8,000,000"
"Alex Mack","ATL","C","$8,000,000"
"Tyrone Crawford","DAL","DE","$8,000,000"
"Richard Sherman","SF","CB","$8,000,000"
"Justin Houston","IND","DE","$8,000,000"
"Golden Tate","NYG","WR","$7,975,000"
"Charles Leno","CHI","LT","$7,900,000"
"Anthony Hitchens","KC","ILB","$7,800,000"
"Matthew Stafford","DET","QB","$7,800,000"
"Corey Linsley","GB","C","$7,650,000"
"Marcus Mariota","LV","QB","$7,500,000"
"Carl Nassib","LV","DE","$7,500,000"
"Darren Waller","LV","TE","$7,280,000"
"Nick Martin","HOU","C","$7,250,000"
"Justin Pugh","ARI","G","$7,250,000"
"John Brown","BUF","WR","$7,050,000"
"Kyle Rudolph","MIN","TE","$7,025,000"
"Jared Cook","NO","TE","$7,000,000"
"Sammy Watkins","KC","WR","$7,000,000"
"Henry Anderson","NYJ","DE","$7,000,000"
"Brandon Linder","JAC","C","$7,000,000"
"Nick Kwiatkoski","LV","OLB","$7,000,000"
"Adam Humphries","TEN","WR","$7,000,000"
"DaQuan Jones","TEN","DT","$7,000,000"
"Anthony Castonzo","IND","LT","$7,000,000"
"Justin Coleman","DET","CB","$6,950,000"
"Bobby Massie","CHI","RT","$6,900,000"
"Taylor Decker","DET","LT","$6,850,000"
"Ezekiel Elliott","DAL","RB","$6,800,000"
"Mitch Morse","BUF","C","$6,775,000"
"Olivier Vernon","CLE","OLB","$6,750,000"
"Zach Ertz","PHI","TE","$6,660,000"
"Jerry Hughes","BUF","DE","$6,650,000"
"Jason Pierre-Paul","TB","OLB","$6,500,000"
"Morgan Moses","WAS","RT","$6,500,000"
"Marvin Jones","DET","WR","$6,500,000"
"Sterling Shepard","NYG","WR","$6,475,000"
"Keanu Neal","ATL","SS","$6,466,000"
"Trent Murphy","BUF","DE","$6,425,000"
"Shaq Lawson","MIA","DE","$6,400,000"
"DeSean Jackson","PHI","WR","$6,200,000"
"David Bakhtiari","GB","LT","$6,052,941"
"Benardrick McKinney","HOU","ILB","$6,000,000"
"Mike Pouncey","LAC","C","$6,000,000"
"Jordan Hicks","ARI","ILB","$6,000,000"
"D.J. Hayden","JAC","CB","$6,000,000"
"Jacoby Brissett","IND","QB","$6,000,000"
"Robert Alford","ARI","CB","$5,950,000"
"Riley Reiff","MIN","LT","$5,900,000"
"Deion Jones","ATL","ILB","$5,850,000"
"Maliek Collins","LV","DT","$5,750,000"
"Kenny Moore","IND","CB","$5,750,000"
"Keenan Allen","LAC","WR","$5,500,000"
"Bobby McCain","MIA","FS","$5,500,000"
"Matt Paradis","CAR","C","$5,500,000"
"Ryan Kelly","IND","C","$5,350,000"
"Mitchell Schwartz","KC","RT","$5,320,000"
"Denico Autry","IND","DT","$5,300,000"
"Mario Addison","BUF","DE","$5,250,000"
"Ricardo Allen","ATL","FS","$5,250,000"
"Jadeveon Clowney","TEN","DE","$5,250,000"
"Ben Jones","TEN","C","$5,250,000"
"Yannick Ngakoue","BAL","DE","$5,176,470"
"Jaylon Smith","DAL","ILB","$5,171,000"
"Ali Marpet","TB","G","$5,125,000"
"Kyle Juszczyk","SF","FB","$5,050,000"
"Grady Jarrett","ATL","DT","$5,001,000"
"Jack Conklin","CLE","RT","$5,000,000"
"Connor McGovern","NYJ","C","$5,000,000"
"Tyrod Taylor","LAC","QB","$5,000,000"
"Shaq Mason","NE","G","$5,000,000"
"Alejandro Villanueva","PIT","LT","$5,000,000"
"K.J. Wright","SEA","OLB","$5,000,000"
"Quandre Diggs","SEA","FS","$5,000,000"
"Trae Waynes","CIN","CB","$5,000,000"
"Richie Incognito","LV","G","$5,000,000"
"Robert Woods","LAR","WR","$5,000,000"
"Leonard Floyd","LAR","ILB","$5,000,000"
"Andrew Whitworth","LAR","LT","$5,000,000"
"Calais Campbell","BAL","DE","$5,000,000"
"Mark Glowinski","IND","G","$5,000,000"
"Adam Thielen","MIN","WR","$4,800,000"
"William Gholston","TB","DE","$4,750,000"
"A.J. Cann","JAC","G","$4,675,000"
"Buster Skrine","CHI","CB","$4,650,000"
"George Fant","NYJ","LT","$4,600,000"
"LaMarcus Joyner","LV","FS","$4,600,000"
"Tevin Coleman","SF","RB","$4,550,000"
"Nick Easton","NO","C","$4,500,000"
"Kyle Fuller","CHI","CB","$4,500,000"
"Nick Boyle","BAL","TE","$4,500,000"
"Desmond Trufant","DET","CB","$4,500,000"
"Cole Beasley","BUF","WR","$4,400,000"
"Preston Smith","GB","OLB","$4,350,000"
"Jaquiski Tartt","SF","SS","$4,300,000"
"Cameron Brate","TB","TE","$4,250,000"
"Kenny Vaccaro","TEN","SS","$4,250,000"
"Brandon Williams","BAL","DT","$4,250,000"
"Robbie Gould","SF","K","$4,222,059"
"Matthew Ioannidis","WAS","DT","$4,200,000"
"Tyler Boyd","CIN","WR","$4,200,000"
"Cordarrelle Patterson","CHI","WR","$4,150,000"
"Malcom Brown","NO","DT","$4,100,000"
"Jarran Reed","SEA","DT","$4,100,000"
"Fletcher Cox","PHI","DT","$4,035,000"
"Kareem Hunt","CLE","RB","$4,009,000"
"Nick Foles","CHI","QB","$4,000,000"
"Ka'imi Fairbairn","HOU","K","$4,000,000"
"J.C. Tretter","CLE","C","$4,000,000"
"Mike Evans","TB","WR","$4,000,000"
"Micah Hyde","BUF","FS","$4,000,000"
"Vince Williams","PIT","ILB","$4,000,000"
"Robbie Anderson","CAR","WR","$4,000,000"
"Shaq Thompson","CAR","ILB","$4,000,000"
"Blake Martinez","NYG","ILB","$4,000,000"
"Mark Ingram","BAL","RB","$4,000,000"
"Jamie Collins","DET","OLB","$4,000,000"
"Halapoulivaati Vaitai","DET","RT","$4,000,000"
"Shawn Williams","CIN","SS","$3,935,000"
"James Bradberry","NYG","CB","$3,900,000"
"Jesse Davis","MIA","RT","$3,855,000"
"Jesse James","DET","TE","$3,800,000"
"Jakeem Grant","MIA","WR","$3,780,000"
"Randall Cobb","HOU","WR","$3,750,000"
"Emmanuel Ogbah","MIA","DE","$3,750,000"
"Quinton Jefferson","BUF","DT","$3,750,000"
"Johnathan Hankins","LV","DT","$3,750,000"
"James Carpenter","ATL","G","$3,750,000"
"Willie Snead","BAL","WR","$3,662,059"
"Duke Johnson","HOU","RB","$3,600,000"
"Daniel Sorensen","KC","FS","$3,600,000"
"Bradley McDougald","NYJ","SS","$3,600,000"
"Shamar Stephen","MIN","DT","$3,600,000"
"Jake Matthews","ATL","LT","$3,550,000"
"Duron Harmon","DET","SS","$3,500,000"
"J.R. Sweezy","ARI","G","$3,500,000"
"Jason Witten","LV","TE","$3,500,000"
"Johnny Hekker","LAR","P","$3,500,000"
"Todd Gurley","ATL","RB","$3,500,000"
"Justin Tucker","BAL","K","$3,500,000"
"Tyler Kroft","BUF","TE","$3,400,000"
"Abry Jones","JAC","DT","$3,400,000"
"Danielle Hunter","MIN","DE","$3,400,000"
"Jalen Richard","LV","RB","$3,375,000"
"Julian Edelman","NE","WR","$3,300,000"
"Kendrick Bourne","SF","WR","$3,259,000"
"Roy Robertson-Harris","CHI","DT","$3,259,000"
"Michael Davis","LAC","CB","$3,259,000"
"Matt Breida","MIA","RB","$3,259,000"
"Adam Butler","NE","DT","$3,259,000"
"Matt Feiler","PIT","RT","$3,259,000"
"Mike Hilton","PIT","CB","$3,259,000"
"Keelan Cole","JAC","WR","$3,259,000"
"Mike Purcell","DEN","DE","$3,259,000"
"Elijah Wilkinson","DEN","G","$3,259,000"
"Zane Gonzalez","ARI","K","$3,259,000"
"Jacob Hollister","SEA","TE","$3,259,000"
"Nicholas Morrow","LV","OLB","$3,259,000"
"Eric Wilson","MIN","OLB","$3,259,000"
"Quinton Dunbar","SEA","CB","$3,250,000"
"Damien Wilson","KC","OLB","$3,200,000"
"Jonathan Jones","NE","CB","$3,200,000"
"Bradley Roby","HOU","CB","$3,176,471"
"Wil Lutz","NO","K","$3,100,000"
"Ty Nsekhe","BUF","LT","$3,100,000"
"Lawrence Guy","NE","DE","$3,100,000"
"Giovani Bernard","CIN","RB","$3,100,000"
"C.J. Uzomah","CIN","TE","$3,050,000"
"Robert Quinn","CHI","OLB","$3,000,000"
"Jimmy Graham","CHI","TE","$3,000,000"
"Danny Trevathan","CHI","ILB","$3,000,000"
"Kyle Van Noy","MIA","OLB","$3,000,000"
"Breshad Perriman","NYJ","WR","$3,000,000"
"Ndamukong Suh","TB","DT","$3,000,000"
"Ted Karras","MIA","C","$3,000,000"
"James White","NE","RB","$3,000,000"
"David Andrews","NE","C","$3,000,000"
"Josh Lambo","JAC","K","$3,000,000"
"Corey Peters","ARI","DE","$3,000,000"
"Brandon McManus","DEN","K","$3,000,000"
"Vonn Bell","CIN","FS","$3,000,000"
"Derrick Henry","TEN","RB","$3,000,000"
"Tavon Young","BAL","CB","$2,986,000"
"Thomas Morstead","NO","P","$2,950,000"
"Mike Davis","CAR","RB","$2,950,000"
"Austin Blythe","LAR","G","$2,950,000"
"Nick Williams","DET","DT","$2,900,000"
"Raheem Mostert","SF","RB","$2,875,000"
"Maxx Williams","ARI","TE","$2,850,000"
"Bobby Hart","CIN","RT","$2,850,000"
"Jeff Heath","LV","SS","$2,850,000"
"Troy Hill","LAR","CB","$2,850,000"
"Latavius Murray","NO","RB","$2,800,000"
"Vernon Butler","BUF","DT","$2,800,000"
"Josh Norman","BUF","CB","$2,800,000"
"John Ross","CIN","WR","$2,798,981"
"Romeo Okwara","DET","DE","$2,750,000"
"Eric Murray","HOU","SS","$2,750,000"
"Darren Fells","HOU","TE","$2,750,000"
"Tyson Alualu","PIT","DE","$2,750,000"
"Matt Prater","DET","K","$2,700,000"
"Virgil Green","LAC","TE","$2,700,000"
"Bradley Pinion","TB","P","$2,700,000"
"Markus Golden","ARI","OLB","$2,651,319"
"Jason McCourty","NE","CB","$2,650,000"
"Jon Feliciano","BUF","G","$2,650,000"
"Lee Smith","BUF","TE","$2,650,000"
"Kyler Fackrell","NYG","OLB","$2,600,000"
"Jason Myers","SEA","K","$2,600,000"
"Marshon Lattimore","NO","CB","$2,559,486"
"Trey Hopkins","CIN","C","$2,550,000"
"Zach Fulton","HOU","G","$2,500,000"
"Brandon Dunn","HOU","DE","$2,500,000"
"Terrance Mitchell","CLE","CB","$2,500,000"
"Joe Schobert","JAC","ILB","$2,500,000"
"Graham Glasgow","DEN","G","$2,500,000"
"Bruce Irvin","SEA","DE","$2,500,000"
"Kevin Huber","CIN","P","$2,500,000"
"Arik Armstead","SF","DE","$2,500,000"
"Jimmy Smith","BAL","CB","$2,500,000"
"Jarrod Wilson","JAC","FS","$2,450,000"
"Dustin Hopkins","WAS","K","$2,400,000"
"Erik Harris","LV","SS","$2,350,000"
"Harrison Butker","KC","K","$2,345,000"
"Spencer Pulley","NYG","C","$2,325,000"
"Haason Reddick","ARI","ILB","$2,302,904"
"Joe Looney","DAL","C","$2,300,000"
"Austin Reiter","KC","C","$2,275,000"
"Chris Conley","JAC","WR","$2,275,000"
"Derek Wolfe","BAL","DT","$2,250,000"
"Cameron Jordan","NO","DE","$2,250,000"
"Kendall Lamm","CLE","RT","$2,250,000"
"Devin McCourty","NE","FS","$2,250,000"
"Stephen Weatherly","CAR","DE","$2,250,000"
"Ricky Wagner","GB","RT","$2,250,000"
"Mackensie Alexander","CIN","CB","$2,250,000"
"Blake Jarwin","DAL","TE","$2,250,000"
"Derek Barnett","PHI","DE","$2,217,378"
"A.J. Klein","BUF","OLB","$2,200,000"
"Billy Turner","GB","G","$2,200,000"
"Malik Hooker","IND","FS","$2,183,169"
"Eric Rowe","MIA","SS","$2,175,000"
"Ronald Blair","SF","DE","$2,160,000"
"Demarcus Robinson","KC","WR","$2,160,000"
"K'Waun Williams","SF","CB","$2,150,000"
"Chris Hubbard","CLE","LT","$2,150,000"
"Grover Stewart","IND","DT","$2,133,000"
"Marlon Mack","IND","RB","$2,133,000"
"Anthony Walker Jr.","IND","ILB","$2,133,000"
"Ahkello Witherspoon","SF","CB","$2,133,000"
"Al-Quadin Muhammad","IND","DE","$2,133,000"
"Matt Skura","BAL","C","$2,133,000"
"Kenny Golladay","DET","WR","$2,133,000"
"Dylan Cole","HOU","ILB","$2,133,000"
"Larry Ogunjobi","CLE","DT","$2,133,000"
"Chris Godwin","TB","WR","$2,133,000"
"Dan Feeney","LAC","G","$2,133,000"
"Rayshawn Jenkins","LAC","S","$2,133,000"
"Sam Tevi","LAC","RT","$2,133,000"
"Davon Godchaux","MIA","DT","$2,133,000"
"Vince Biegel","MIA","OLB","$2,133,000"
"Julie'n Davenport","MIA","LT","$2,133,000"
"Matt Haack","MIA","P","$2,133,000"
"Chase Roullier","WAS","C","$2,133,000"
"Deatrich Wise","NE","DE","$2,133,000"
"Matt Milano","BUF","OLB","$2,133,000"
"Jermaine Eluemunor","NE","G","$2,133,000"
"Fabian Moreau","WAS","CB","$2,133,000"
"Chris Wormley","PIT","DT","$2,133,000"
"Jeremy Sprinkle","WAS","TE","$2,133,000"
"David Sharpe","WAS","RT","$2,133,000"
"Dede Westbrook","JAC","WR","$2,133,000"
"Jamaal Williams","GB","RB","$2,133,000"
"Aaron Jones","GB","RB","$2,133,000"
"Shaquill Griffin","SEA","CB","$2,133,000"
"Christopher Carson","SEA","RB","$2,133,000"
"Carl Lawson","CIN","DE","$2,133,000"
"Cethan Carter","CIN","TE","$2,133,000"
"Brandon Wilson","CIN","CB","$2,133,000"
"John Johnson","LAR","FS","$2,133,000"
"Josh Reynolds","LAR","WR","$2,133,000"
"Samson Ebukam","LAR","OLB","$2,133,000"
"Jonnu Smith","TEN","TE","$2,133,000"
"Jayon Brown","TEN","ILB","$2,133,000"
"Damontae Kazee","ATL","SS","$2,133,000"
"Brian Hill","ATL","RB","$2,133,000"
"Jourdan Lewis","DAL","CB","$2,133,000"
"Xavier Woods","DAL","FS","$2,133,000"
"George Kittle","SF","TE","$2,133,000"
"Marlon Humphrey","BAL","CB","$2,080,566"
"Jonathan Allen","WAS","DT","$2,046,324"
"Adoree' Jackson","TEN","CB","$2,003,561"
"Rigoberto Sanchez","IND","P","$2,000,000"
"Drew Brees","NO","QB","$2,000,000"
"Robert Griffin III","BAL","QB","$2,000,000"
"Emmanuel Sanders","NO","WR","$2,000,000"
"A.J. McCarron","HOU","QB","$2,000,000"
"Alex Okafor","KC","DE","$2,000,000"
"Chris Harris","LAC","CB","$2,000,000"
"Leonard Fournette","TB","RB","$2,000,000"
"Brian Winters","BUF","G","$2,000,000"
"Za'Darius Smith","GB","OLB","$2,000,000"
"Rodney Gunter","JAC","DT","$2,000,000"
"Jordan Phillips","ARI","DT","$2,000,000"
"Shelby Harris","DEN","DE","$2,000,000"
"Andy Lee","ARI","P","$2,000,000"
"Carlos Dunlap","SEA","DE","$2,000,000"
"D.J. Reader","CIN","DT","$2,000,000"
"Tyler Higbee","LAR","TE","$2,000,000"
"Dante Fowler Jr.","ATL","DE","$2,000,000"
"Michael Brockers","LAR","DE","$2,000,000"
"Jason Kelce","PHI","C","$2,000,000"
"Stephen Gostkowski","TEN","K","$2,000,000"
"Jalen Mills","PHI","SS","$2,000,000"
"Matt Schaub","ATL","QB","$2,000,000"
"Sean Lee","DAL","OLB","$2,000,000"
"Chuck Clark","BAL","SS","$2,000,000"
"O.J. Howard","TB","TE","$1,977,903"
"Minkah Fitzpatrick","PIT","FS","$1,975,252"
"Ereck Flowers","MIA","G","$1,975,000"
"Garett Bolles","DEN","LT","$1,969,351"
"Jarrad Davis","DET","ILB","$1,960,798"
"Charles Harris","ATL","DE","$1,943,692"
"Evan Engram","NYG","TE","$1,926,587"
"Clelin Ferrell","LV","DE","$1,920,492"
"Nick Vigil","LAC","OLB","$1,900,000"
"Brett Kern","TEN","P","$1,900,000"
"DeMarcus Lawrence","DAL","DE","$1,900,000"
"Chris Jones","DAL","P","$1,900,000"
"Gareon Conley","HOU","CB","$1,892,376"
"Jabrill Peppers","NYG","SS","$1,875,271"
"Patrick Robinson","NO","CB","$1,870,000"
"P.J. Williams","NO","CB","$1,870,000"
"Miles Killebrew","DET","SS","$1,862,500"
"Vita Vea","TB","DT","$1,827,658"
"Laken Tomlinson","SF","G","$1,825,000"
"Weston Richburg","SF","C","$1,821,473"
"Da'Ron Payne","WAS","DT","$1,790,760"
"John Miller","CAR","G","$1,790,000"
"Josh Hill","NO","TE","$1,785,000"
"Everson Griffen","DET","DE","$1,764,706"
"David Njoku","CLE","TE","$1,763,877"
"Ben Garland","SF","C","$1,750,000"
"L.J. Fort","BAL","ILB","$1,750,000"
"Pat O'Donnell","CHI","P","$1,750,000"
"Adrian Clayborn","CLE","DE","$1,750,000"
"Tyler Matakevich","BUF","ILB","$1,750,000"
"Zach Banner","PIT","G","$1,750,000"
"Adrian Amos","GB","FS","$1,750,000"
"Christian Kirksey","GB","ILB","$1,750,000"
"Greg Olsen","SEA","TE","$1,750,000"
"Graham Gano","NYG","K","$1,750,000"
"Derek Carrier","LV","TE","$1,750,000"
"Anthony Brown","DAL","CB","$1,750,000"
"Marcus Davenport","NO","DE","$1,729,263"
"T.J. Watt","PIT","OLB","$1,727,532"
"Kolton Miller","LV","LT","$1,704,666"
"Craig Robertson","NO","ILB","$1,700,000"
"Reuben Foster","WAS","ILB","$1,697,088"
"Sheldon Rankins","NO","DT","$1,690,000"
"Kenny Clark","GB","DT","$1,690,000"
"Ryan Ramczyk","NO","RT","$1,677,485"
"Anthony Levine","BAL","SS","$1,675,000"
"Cooper Kupp","LAR","WR","$1,633,000"
"Tremaine Edmunds","BUF","ILB","$1,630,868"
"Damion Square","LAC","DT","$1,612,500"
"Derwin James","LAC","S","$1,606,269"
"Matthew Slater","NE","WR","$1,600,000"
"Tress Way","WAS","P","$1,600,000"
"Alex Erickson","CIN","WR","$1,600,000"
"Jaire Alexander","GB","CB","$1,575,522"
"Leighton Vander Esch","DAL","OLB","$1,557,071"
"Frank Ragnow","DET","C","$1,550,922"
"Joe Haeg","TB","RT","$1,550,000"
"Aaron Rodgers","GB","QB","$1,550,000"
"Billy Price","CIN","C","$1,544,772"
"Chris Moore","BAL","WR","$1,535,000"
"Rashaan Evans","TEN","ILB","$1,532,472"
"Josh Allen","JAC","DE","$1,528,756"
"Jordan Poyer","BUF","SS","$1,525,000"
"Randy Bullock","CIN","K","$1,525,000"
"Isaiah Wynn","NE","LT","$1,520,173"
"Danny Amendola","DET","WR","$1,500,000"
"Xavier Rhodes","IND","CB","$1,500,000"
"Danny Shelton","DET","DT","$1,500,000"
"Austin Hooper","CLE","TE","$1,500,000"
"Kevin Johnson","CLE","CB","$1,500,000"
"Brian Poole","NYJ","CB","$1,500,000"
"Case Keenum","CLE","QB","$1,500,000"
"Karl Joseph","CLE","SS","$1,500,000"
"Linval Joseph","LAC","DT","$1,500,000"
"Jordan Jenkins","NYJ","OLB","$1,500,000"
"Austin Ekeler","LAC","RB","$1,500,000"
"Bryan Bulaga","LAC","LT","$1,500,000"
"Clayton Fejedelem","MIA","SS","$1,500,000"
"Ben Roethlisberger","PIT","QB","$1,500,000"
"John Simon","NE","DE","$1,500,000"
"Cameron Heyward","PIT","DT","$1,500,000"
"Thomas Davis","WAS","ILB","$1,500,000"
"Matt Barkley","BUF","QB","$1,500,000"
"Justin Bethel","NE","CB","$1,500,000"
"DeAndre Hopkins","ARI","WR","$1,500,000"
"David Mayo","NYG","ILB","$1,500,000"
"Cameron Fleming","NYG","RT","$1,500,000"
"Carlos Hyde","SEA","RB","$1,500,000"
"Dennis Kelly","TEN","RT","$1,500,000"
"Jimmie Ward","SF","FS","$1,500,000"
"D.J. Moore","CAR","WR","$1,495,574"
"Hayden Hurst","ATL","TE","$1,483,275"
"Joe Dahl","DET","G","$1,475,000"
"Calvin Ridley","ATL","WR","$1,470,974"
"B.J. Finney","CIN","C","$1,470,588"
"Rashaad Penny","SEA","RB","$1,458,676"
"Avery Williamson","PIT","ILB","$1,455,885"
"Terrell Edmunds","PIT","SS","$1,452,526"
"La'el Collins","DAL","RT","$1,450,000"
"Kevin King","GB","CB","$1,430,575"
"Cam Robinson","JAC","LT","$1,422,022"
"Taven Bryan","JAC","DT","$1,403,178"
"T.J. Yeldon","BUF","RB","$1,400,000"
"Mason Crosby","GB","K","$1,400,000"
"Denzelle Good","LV","RT","$1,400,000"
"Ed Oliver","BUF","DT","$1,389,325"
"Carson Wentz","PHI","QB","$1,383,000"
"Mike Hughes","MIN","CB","$1,377,044"
"Chris Reed","CAR","C","$1,375,000"
"Tyler Shatley","JAC","G","$1,375,000"
"Forrest Lamp","LAC","G","$1,374,125"
"Austin Johnson","NYG","DE","$1,362,500"
"Brandon Graham","PHI","DE","$1,360,000"
"Marcus Maye","NYJ","FS","$1,358,733"
"Sony Michel","NE","RB","$1,355,154"
"Devin Bush","PIT","ILB","$1,352,808"
"Mark Nzeocha","SF","OLB","$1,350,000"
"Lamar Jackson","BAL","QB","$1,341,059"
"Zay Jones","LV","WR","$1,339,522"
"Marcus Williams","NO","SS","$1,315,969"
"Senio Kelemete","HOU","G","$1,300,000"
"DeVante Parker","MIA","WR","$1,300,000"
"Daryl Williams","BUF","G","$1,300,000"
"Beau Allen","NE","DT","$1,300,000"
"Andre Roberts","BUF","WR","$1,300,000"
"Tyler Larsen","CAR","C","$1,300,000"
"Cedric Ogbuehi","SEA","RT","$1,300,000"
"Vinny Curry","PHI","DE","$1,300,000"
"Jonah Williams","CIN","LT","$1,296,371"
"Gerald Everett","LAR","TE","$1,289,246"
"Adam Shaheen","MIA","TE","$1,270,982"
"Deon Bush","CHI","S","$1,262,500"
"Dion Dawkins","BUF","LT","$1,250,441"
"Kerry Hyder","SF","DE","$1,250,000"
"Ezekiel Ansah","SF","DE","$1,250,000"
"Chase Daniel","DET","QB","$1,250,000"
"Bryan Anger","HOU","P","$1,250,000"
"Chad Henne","KC","QB","$1,250,000"
"Ryan Smith","TB","CB","$1,250,000"
"Adrian Phillips","NE","FS","$1,250,000"
"Ronald Darby","WAS","CB","$1,250,000"
"Logan Thomas","WAS","TE","$1,250,000"
"Bryce Callahan","DEN","CB","$1,250,000"
"Christian Covington","CIN","DE","$1,250,000"
"Brandon Brooks","PHI","G","$1,250,000"
"Cameron Erving","DAL","G","$1,250,000"
"Greg Zuerlein","DAL","K","$1,250,000"
"Jack Doyle","IND","TE","$1,250,000"
"Tyus Bowser","BAL","OLB","$1,225,310"
"Levine Toilolo","NYG","TE","$1,225,000"
"Curtis Samuel","CAR","WR","$1,220,044"
"Rashan Gary","GB","OLB","$1,216,696"
"Jalen Ramsey","LAR","CB","$1,203,000"
"Le'Raven Clark","IND","RT","$1,200,000"
"Mike Iupati","SEA","G","$1,200,000"
"Christian Wilkins","MIA","DE","$1,196,777"
"Ryan Anderson","WAS","DE","$1,191,099"
"Deshaun Watson","HOU","QB","$1,177,123"
"Austin Corbett","LAR","G","$1,163,490"
"Chris Lindstrom","ATL","G","$1,161,503"
"Ryan Griffin","NYJ","TE","$1,160,000"
"Tre Boston","CAR","FS","$1,160,000"
"Will Hernandez","NYG","G","$1,157,340"
"DeMarcus Walker","DEN","DE","$1,156,890"
"Nick Chubb","CLE","RB","$1,151,190"
"Demetrius Harris","CHI","TE","$1,150,000"
"Andy Janovich","CLE","FB","$1,150,000"
"Kevin Pierre-Louis","WAS","OLB","$1,150,000"
"Demar Dotson","DEN","RT","$1,150,000"
"Eric Kendricks","MIN","ILB","$1,150,000"
"Darius Leonard","IND","OLB","$1,138,891"
"Justin Hardee","NO","CB","$1,135,000"
"Braden Smith","IND","RT","$1,133,972"
"Tarik Cohen","CHI","RB","$1,133,000"
"Desmond King","TEN","CB","$1,129,235"
"Brennan Scarlett","HOU","OLB","$1,125,000"
"Roderick Johnson","HOU","RT","$1,125,000"
"Ronald Jones II","TB","RB","$1,122,901"
"James Daniels","CHI","G","$1,111,833"
"Brian Burns","CAR","OLB","$1,110,463"
"Raekwon McMillan","LV","ILB","$1,105,573"
"Courtland Sutton","DEN","WR","$1,101,993"
"Sam Koch","BAL","P","$1,100,000"
"Morgan Cox","BAL","LS","$1,100,000"
"Cody Whitehair","CHI","C","$1,100,000"
"Alex Lewis","NYJ","G","$1,100,000"
"Vance McDonald","PIT","TE","$1,100,000"
"Cody Davis","NE","FS","$1,100,000"
"Marcedes Lewis","GB","TE","$1,100,000"
"Brandon Shell","SEA","RT","$1,100,000"
"Dion Lewis","NYG","RB","$1,100,000"
"LeShaun Sims","CIN","CB","$1,100,000"
"MyCole Pruitt","TEN","TE","$1,100,000"
"Tyron Smith","DAL","LT","$1,100,000"
"Nate Sudfeld","PHI","QB","$1,100,000"
"Dexter Lawrence","NYG","DE","$1,097,184"
"Harold Landry","TEN","OLB","$1,092,153"
"Dalvin Tomlinson","NYG","DT","$1,088,468"
"Mike Gesicki","MIA","TE","$1,081,084"
"Garrett Bradbury","MIN","C","$1,080,585"
"Zach Cunningham","HOU","ILB","$1,074,783"
"Kerryon Johnson","DET","RB","$1,071,245"
"Jeffery Simmons","TEN","DE","$1,070,625"
"Noah Fant","DEN","TE","$1,067,306"
"Ethan Pocic","SEA","G","$1,066,231"
"Darnell Savage","GB","SS","$1,063,986"
"Nevin Lawson","LV","CB","$1,062,500"
"Andre Dillard","PHI","LT","$1,057,299"
"Tytus Howard","HOU","RT","$1,050,707"
"Josh Harris","ATL","LS","$1,050,000"
"L.P. Ladouceur","DAL","LS","$1,050,000"
"Blidi Wreh-Wilson","ATL","CB","$1,050,000"
"Tom Compton","SF","G","$1,050,000"
"Terron Armstead","NO","LT","$1,050,000"
"Demario Davis","NO","OLB","$1,050,000"
"Jordan Reed","SF","TE","$1,050,000"
"Janoris Jenkins","NO","CB","$1,050,000"
"Malcolm Jenkins","NO","FS","$1,050,000"
"Tavon Wilson","IND","SS","$1,050,000"
"Eddie Jackson","CHI","FS","$1,050,000"
"LaRoy Reynolds","ATL","OLB","$1,050,000"
"Luke Stocker","ATL","TE","$1,050,000"
"Pernell McPhee","BAL","OLB","$1,050,000"
"Sherrick McManis","CHI","CB","$1,050,000"
"Johnson Bademosi","NO","CB","$1,050,000"
"Barkevious Mingo","CHI","OLB","$1,050,000"
"D.J. Swearinger","NO","FS","$1,050,000"
"John Jenkins","CHI","DT","$1,050,000"
"Tashaun Gipson","CHI","FS","$1,050,000"
"Kelechi Osemele","KC","G","$1,050,000"
"D.J. Fluker","BAL","G","$1,050,000"
"Mike Remmers","KC","RT","$1,050,000"
"Anthony Sherman","KC","FB","$1,050,000"
"Andrew Sendejo","CLE","FS","$1,050,000"
"Daniel Kilgore","KC","C","$1,050,000"
"Don Muhlbach","DET","LS","$1,050,000"
"Joe Flacco","NYJ","QB","$1,050,000"
"Michael Thomas","HOU","SS","$1,050,000"
"Blaine Gabbert","TB","QB","$1,050,000"
"Kevin Minter","TB","ILB","$1,050,000"
"Malcolm Smith","CLE","OLB","$1,050,000"
"Frank Gore","NYJ","RB","$1,050,000"
"Oday Aboushi","DET","G","$1,050,000"
"LeSean McCoy","TB","RB","$1,050,000"
"Rex Burkhead","NE","RB","$1,050,000"
"David DeCastro","PIT","G","$1,050,000"
"A.Q. Shipley","TB","C","$1,050,000"
"Joe Haden","PIT","CB","$1,050,000"
"Ryan Succop","TB","K","$1,050,000"
"Jon Weeks","HOU","LS","$1,050,000"
"Adrian Peterson","DET","RB","$1,050,000"
"Maurkice Pouncey","PIT","C","$1,050,000"
"Taiwan Jones","BUF","RB","$1,050,000"
"Cam Newton","NE","QB","$1,050,000"
"Tahir Whitehead","CAR","ILB","$1,050,000"
"Nick Sundberg","WAS","LS","$1,050,000"
"Brian Hoyer","NE","QB","$1,050,000"
"J.J. Jansen","CAR","LS","$1,050,000"
"Chris Thompson","JAC","RB","$1,050,000"
"Mike Glennon","JAC","QB","$1,050,000"
"Logan Ryan","NYG","CB","$1,050,000"
"Colt McCoy","NYG","QB","$1,050,000"
"Aaron Brewer","ARI","LS","$1,050,000"
"Nate Ebner","NYG","SS","$1,050,000"
"Benson Mayowa","SEA","DE","$1,050,000"
"Sam Martin","DEN","P","$1,050,000"
"Chris Banjo","ARI","SS","$1,050,000"
"Kelvin Beachum","ARI","LT","$1,050,000"
"Nick Bellore","SEA","FB","$1,050,000"
"Matt Ryan","ATL","QB","$1,050,000"
"Rodney Hudson","LV","C","$1,050,000"
"Josh Bynes","CIN","ILB","$1,050,000"
"Geno Smith","SEA","QB","$1,050,000"
"Neiko Thorpe","SEA","CB","$1,050,000"
"Mike Daniels","CIN","DT","$1,050,000"
"Clark Harris","CIN","LS","$1,050,000"
"Dre Kirkpatrick","ARI","CB","$1,050,000"
"Lane Johnson","PHI","RT","$1,050,000"
"Allen Bailey","ATL","DE","$1,050,000"
"Dan Bailey","MIN","K","$1,050,000"
"Jake McQuaide","LAR","LS","$1,050,000"
"Britton Colquitt","MIN","P","$1,050,000"
"Malik Jackson","PHI","DT","$1,050,000"
"Darius Slay","PHI","CB","$1,050,000"
"Jason Peters","PHI","LT","$1,050,000"
"Kyle Wilber","LV","OLB","$1,050,000"
"Sam Young","LV","LT","$1,050,000"
"Rodney McLeod","PHI","FS","$1,050,000"
"Nickell Robey-Coleman","PHI","CB","$1,050,000"
"Jack Crawford","TEN","DT","$1,050,000"
"Chidobe Awuzie","DAL","CB","$1,049,126"
"Josh Jackson","GB","CB","$1,048,736"
"Jared Goff","LAR","QB","$1,042,682"
"Josh Jacobs","LV","RB","$1,037,427"
"JuJu Smith-Schuster","PIT","WR","$1,037,152"
"Deshazor Everett","WAS","FS","$1,035,000"
"Taylor Moton","CAR","RT","$1,032,021"
"Marquise Brown","BAL","WR","$1,030,788"
"Tanoh Kpassagnon","KC","DE","$1,029,257"
"Montez Sweat","WAS","DE","$1,024,148"
"Johnathan Abram","LV","FS","$1,017,509"
"Christian Kirk","ARI","WR","$1,015,897"
"Jerry Tillery","LAC","DT","$1,014,189"
"Uchenna Nwosu","LAC","OLB","$1,003,598"
"Patrick Ricard","BAL","FB","$1,000,000"
"Michael Thomas","NO","WR","$1,000,000"
"Andrus Peat","NO","G","$1,000,000"
"David Onyemata","NO","DT","$1,000,000"
"Darryl Roberts","DET","CB","$1,000,000"
"Joey Bosa","LAC","DE","$1,000,000"
"Denzel Perryman","LAC","ILB","$1,000,000"
"B.J. Goodson","CLE","ILB","$1,000,000"
"Greg Van Roten","NYJ","RT","$1,000,000"
"Neville Hewitt","NYJ","ILB","$1,000,000"
"Patrick Onwuasor","NYJ","ILB","$1,000,000"
"Kamu Grugier-Hill","MIA","ILB","$1,000,000"
"Charley Hughlett","CLE","LS","$1,000,000"
"Rakeem Nunez-Roches","TB","DE","$1,000,000"
"Elandon Roberts","MIA","ILB","$1,000,000"
"Kendall Fuller","WAS","CB","$1,000,000"
"Eric Ebron","PIT","TE","$1,000,000"
"Damiere Byrd","NE","WR","$1,000,000"
"Wes Schweitzer","WAS","G","$1,000,000"
"Shilique Calhoun","NE","OLB","$1,000,000"
"Derek Watt","PIT","FB","$1,000,000"
"Melvin Gordon","DEN","RB","$1,000,000"
"Dean Marlowe","BUF","FS","$1,000,000"
"Tyler Eifert","JAC","TE","$1,000,000"
"Michael Schofield","CAR","G","$1,000,000"
"Dean Lowry","GB","DE","$1,000,000"
"Budda Baker","ARI","S","$1,000,000"
"Devon Kennard","ARI","OLB","$1,000,000"
"Nick Vannett","DEN","TE","$1,000,000"
"De'Vondre Campbell","ARI","ILB","$1,000,000"
"Jeff Driskel","DEN","QB","$1,000,000"
"Jeremiah Attaochu","DEN","OLB","$1,000,000"
"Xavier Su'a-Filo","CIN","G","$1,000,000"
"Nathan Peterman","LV","QB","$1,000,000"
"Malcolm Brown","LAR","RB","$1,000,000"
"Javon Hargrave","PHI","DT","$1,000,000"
"Ty Sambrailo","TEN","RT","$1,000,000"
"Andy Dalton","DAL","QB","$1,000,000"
"Blake Bell","DAL","TE","$1,000,000"
"Darian Thompson","DAL","FS","$1,000,000"
"Joe Thomas","DAL","OLB","$1,000,000"
"Dallas Goedert","PHI","TE","$991,297"
"Nick Folk","NE","K","$988,235"
"L.J. Collier","SEA","DE","$987,549"
"Connor Williams","DAL","G","$978,999"
"Anthony Miller","CHI","WR","$966,700"
"Dawuane Smoot","JAC","DE","$964,353"
"Kaleb McGary","ATL","RT","$961,625"
"Jon Bostic","WAS","ILB","$960,000"
"Kemoko Turay","IND","DE","$954,400"
"N'Keal Harry","NE","WR","$954,016"
"Jameis Winston","NO","QB","$952,000"
"J.D. McKissic","WAS","RB","$950,000"
"Cody Core","NYG","WR","$950,000"
"C.J. Beathard","SF","QB","$946,179"
"Ryan Griffin","TB","QB","$945,000"
"Devonta Freeman","NYG","RB","$944,118"
"M.J. Stewart","CLE","CB","$942,101"
"Jessie Bates III","CIN","FS","$929,801"
"Todd Davis","MIN","ILB","$926,471"
"Donte Jackson","CAR","CB","$917,502"
"Duke Dawson","DEN","CB","$911,352"
"Jerick McKinnon","SF","RB","$910,000"
"Senorise Perry","TEN","RB","$910,000"
"C.J. Goodwin","DAL","CB","$910,000"
"Justin March","DAL","OLB","$910,000"
"Darqueze Dennard","ATL","CB","$910,000"
"Trey Burton","IND","TE","$910,000"
"Luke Rhodes","IND","LS","$910,000"
"Jason Verrett","SF","CB","$910,000"
"Travis Carrie","IND","CB","$910,000"
"Sharrod Neasman","ATL","FS","$910,000"
"Chaz Green","IND","LT","$910,000"
"Steven Means","ATL","DE","$910,000"
"Christian Jones","DET","OLB","$910,000"
"Tyreek Hill","KC","WR","$910,000"
"Justin Ellis","BAL","DT","$910,000"
"Jihad Ward","BAL","DE","$910,000"
"Michael Burton","NO","FB","$910,000"
"Artie Burns","CHI","CB","$910,000"
"Ty Montgomery","NO","RB","$910,000"
"Germain Ifedi","CHI","G","$910,000"
"Dwayne Washington","NO","RB","$910,000"
"Patrick Scales","CHI","LS","$910,000"
"DeAndre Houston-Carson","CHI","S","$910,000"
"Brent Urban","CHI","DT","$910,000"
"Tony McRae","DET","CB","$910,000"
"Mario Edwards","CHI","DE","$910,000"
"James Winchester","KC","LS","$910,000"
"Antonio Hamilton","KC","CB","$910,000"
"Noah Spence","NO","DE","$910,000"
"Matthias Farley","NYJ","SS","$910,000"
"Phillip Gaines","HOU","CB","$910,000"
"Rashard Higgins","CLE","WR","$910,000"
"Tyrell Adams","HOU","ILB","$910,000"
"Daniel Brown","NYJ","TE","$910,000"
"Andrew Adams","TB","S","$910,000"
"Josh Wells","TB","RT","$910,000"
"Kavon Frazier","MIA","FS","$910,000"
"Brent Qvale","HOU","RT","$910,000"
"Steven Nelson","PIT","CB","$910,000"
"Terrence Brooks","NE","FS","$910,000"
"Chris Boswell","PIT","K","$910,000"
"Brandon King","NE","LB","$910,000"
"Joe Cardona","NE","LS","$910,000"
"Juston Burris","CAR","SS","$910,000"
"Cornelius Lucas","WAS","LT","$910,000"
"Brandon Copeland","NE","OLB","$910,000"
"D.J. Humphries","ARI","LT","$910,000"
"Kameron Canaday","PIT","LS","$910,000"
"Peyton Barber","WAS","RB","$910,000"
"Zach Kerr","CAR","DE","$910,000"
"Chris Manhertz","CAR","TE","$910,000"
"Pharoh Cooper","CAR","WR","$910,000"
"Sean Davis","PIT","FS","$910,000"
"James O'Shaughnessy","JAC","TE","$910,000"
"Julian Stanford","CAR","OLB","$910,000"
"Adarius Taylor","CAR","ILB","$910,000"
"Lane Taylor","GB","G","$910,000"
"Riley Dixon","NYG","P","$910,000"
"Max Garcia","ARI","G","$910,000"
"Adam Gotsis","JAC","DE","$910,000"
"Brett Hundley","ARI","QB","$910,000"
"Casey Kreiter","NYG","LS","$910,000"
"Tyler Ott","SEA","LS","$910,000"
"Cory Littleton","LV","ILB","$910,000"
"Tyler Ervin","GB","RB","$910,000"
"Phillip Dorsett","SEA","WR","$910,000"
"Branden Jackson","SEA","DE","$910,000"
"Rob Havenstein","LAR","RT","$910,000"
"Angelo Blackson","ARI","DE","$910,000"
"Kevin Byard","TEN","FS","$910,000"
"Nelson Agholor","LV","WR","$910,000"
"Devontae Booker","LV","RB","$910,000"
"Zack Martin","DAL","G","$910,000"
"Ameer Abdullah","MIN","RB","$910,000"
"Rashod Hill","MIN","RT","$910,000"
"Sean Mannion","MIN","QB","$910,000"
"Isaac Seumalo","PHI","G","$910,000"
"Tyeler Davison","ATL","DT","$910,000"
"Dakota Dozier","MIN","G","$910,000"
"Nick Dzubnar","TEN","ILB","$910,000"
"Rick Lovato","PHI","LS","$910,000"
"Hassan Ridgeway","PHI","DT","$910,000"
"Crevon LeBlanc","PHI","CB","$910,000"
"Chris Milton","TEN","CB","$910,000"
"Geoff Swaim","TEN","TE","$910,000"
"Dee Ford","SF","DE","$910,000"
"Aldon Smith","DAL","DE","$910,000"
"Keith Smith","ATL","FB","$910,000"
"Richard Rodgers","PHI","TE","$910,000"
"Isaiah Oliver","ATL","CB","$901,513"
"C.J. Ham","MIN","FB","$900,000"
"James Washington","PIT","WR","$889,213"
"DJ Chark","JAC","WR","$884,294"
"Brian O'Neill","MIN","RT","$880,603"
"Carlton Davis","TB","CB","$879,374"
"Tyquan Lewis","IND","DT","$876,914"
"Lucas Patrick","GB","G","$875,000"
"Jahleel Addae","LAC","SS","$864,706"
"Myles Garrett","CLE","DE","$862,126"
"Byron Murphy","ARI","CB","$858,159"
"Dontae Johnson","SF","CB","$856,471"
"John Wetzel","ATL","T","$856,471"
"Cairo Santos","CHI","K","$856,471"
"Cody Parkey","CLE","K","$856,471"
"Anthony Chickillo","DEN","OLB","$856,471"
"Rock Ya-Sin","IND","CB","$854,839"
"Brandon Parker","LV","LT","$852,304"
"Lorenzo Carter","NYG","OLB","$851,226"
"Jawaan Taylor","JAC","RT","$850,632"
"Christian Blake","ATL","WR","$850,000"
"Gardner Minshew","JAC","QB","$850,000"
"Justin Reid","HOU","FS","$849,957"
"B.J. Hill","NYG","DE","$848,690"
"Deebo Samuel","SF","WR","$844,880"
"Fred Warner","SF","ILB","$844,000"
"Greg Little","CAR","LT","$842,224"
"Taysom Hill","NO","QB","$841,000"
"Mason Rudolph","PIT","QB","$836,554"
"Cody Ford","BUF","RT","$835,419"
"Alvin Kamara","NO","RB","$833,000"
"Royce Freeman","DEN","RB","$832,000"
"Sean Bunting","TB","CB","$830,273"
"Pat Elflein","NYJ","G","$829,500"
"Noah Brown","DAL","WR","$825,000"
"Mitchell Trubisky","CHI","QB","$825,000"
"D.J. Jones","SF","DT","$825,000"
"Trey Hendrickson","NO","DE","$825,000"
"Zach Wood","NO","LS","$825,000"
"Patrick Mahomes","KC","QB","$825,000"
"Rashaad Coward","CHI","G","$825,000"
"Jason Spriggs","CHI","LT","$825,000"
"Jalen Reeves-Maybin","DET","OLB","$825,000"
"Vernon Hargreaves","HOU","CB","$825,000"
"Reggie Ragland","DET","ILB","$825,000"
"Mike Williams","LAC","WR","$825,000"
"Taco Charlton","KC","DE","$825,000"
"Jamal Agnew","DET","WR","$825,000"
"Carlos Watkins","HOU","DE","$825,000"
"Thomas Hennessy","NYJ","LS","$825,000"
"Conor McDermott","NYJ","LT","$825,000"
"Jojo Natson","CLE","WR","$825,000"
"Arthur Maulet","NYJ","CB","$825,000"
"Antony Auclair","TB","TE","$825,000"
"Vincent Taylor","CLE","DT","$825,000"
"Tarell Basham","NYJ","OLB","$825,000"
"Isaac Rochell","LAC","DE","$825,000"
"Mack Hollins","MIA","WR","$825,000"
"Adam Pankey","MIA","G","$825,000"
"Christian McCaffrey","CAR","RB","$825,000"
"Reid Ferguson","BUF","LS","$825,000"
"Cameron Sutton","PIT","CB","$825,000"
"Isaiah McKenzie","BUF","WR","$825,000"
"James Conner","PIT","RB","$825,000"
"Jordan Dangerfield","PIT","SS","$825,000"
"Joshua Dobbs","PIT","QB","$825,000"
"Alex Armah","CAR","FB","$825,000"
"Rasul Douglas","CAR","CB","$825,000"
"Josh Jones","JAC","FS","$825,000"
"Jamal Adams","SEA","SS","$825,000"
"Elijhaa Penny","NYG","FB","$825,000"
"Wayne Gallman","NYG","RB","$825,000"
"Montravius Adams","GB","DT","$825,000"
"Adrian Colbert","NYG","FS","$825,000"
"Delano Hill","SEA","SS","$825,000"
"Darrell Daniels","ARI","TE","$825,000"
"David Moore","SEA","WR","$825,000"
"Tanner Vallejo","ARI","ILB","$825,000"
"Charles Washington","ARI","FS","$825,000"
"Jake Butt","DEN","TE","$825,000"
"Jordan Evans","CIN","ILB","$825,000"
"Corey Davis","TEN","WR","$825,000"
"Mike Thomas","CIN","WR","$825,000"
"Dalvin Cook","MIN","RB","$825,000"
"Samaje Perine","CIN","RB","$825,000"
"Joe Jones","DEN","OLB","$825,000"
"Jaleel Johnson","MIN","DT","$825,000"
"Morgan Fox","LAR","DE","$825,000"
"Jake Elliott","PHI","K","$825,000"
"Kalif Raymond","TEN","WR","$825,000"
"Tye Smith","TEN","CB","$825,000"
"Corey Clement","PHI","RB","$825,000"
"Johnathan Ford","PHI","FS","$825,000"
"Nate Gerry","PHI","OLB","$825,000"
"Duke Riley","PHI","OLB","$825,000"
"Justin McCray","ATL","G","$825,000"
"Randy Gregory","DAL","DE","$825,000"
"Trayvon Mullen","LV","CB","$824,961"
"Dalton Risner","DEN","G","$819,649"
"Nathan Shepherd","NYJ","DE","$818,000"
"Drew Lock","DEN","QB","$813,674"
"Jerome Baker","MIA","ILB","$810,000"
"Alex Anzalone","NO","OLB","$809,000"
"Steve McLendon","TB","DT","$808,824"
"Jahlani Tavai","DET","ILB","$808,362"
"George Iloka","MIN","FS","$802,941"
"Hroniss Grasu","SF","C","$802,941"
"Mike Pennel","KC","DT","$802,941"
"Ryan Groy","LAC","G","$802,941"
"Dion Jordan","SF","DE","$802,935"
"Jordan Richards","BAL","SS","$802,935"
"Elgton Jenkins","GB","G","$802,597"
"Joejuan Williams","NE","CB","$795,535"
"Greedy Williams","CLE","CB","$788,576"
"Geron Christian","WAS","LT","$779,000"
"Marquise Blair","SEA","FS","$778,484"
"Erik McCoy","NO","C","$771,261"
"Ben Banogu","IND","DE","$765,205"
"Bashaud Breeland","KC","CB","$764,706"
"Irv Smith","MIN","TE","$758,566"
"A.J. Brown","TEN","WR","$751,926"
"Michael Gallup","DAL","WR","$750,000"
"Dorance Armstrong","DAL","DE","$750,000"
"Deadrin Senat","ATL","DT","$750,000"
"Dalton Schultz","DAL","TE","$750,000"
"Ito Smith","ATL","RB","$750,000"
"Malik Turner","DAL","WR","$750,000"
"Antwaun Woods","DAL","DT","$750,000"
"Nyheim Hines","IND","RB","$750,000"
"Tarvarius Moore","SF","FS","$750,000"
"Russell Gage","ATL","WR","$750,000"
"Jordan Wilkins","IND","RB","$750,000"
"Foyesade Oluokun","ATL","OLB","$750,000"
"Roquan Smith","CHI","ILB","$750,000"
"Zaire Franklin","IND","ILB","$750,000"
"Trent Taylor","SF","WR","$750,000"
"George Odum","IND","FS","$750,000"
